{
  "binary": {
    "logistic_regression": {
      "accuracy": 0.5109070034443168,
      "report": {
        "Right Fist": {
          "precision": 0.5137987012987013,
          "recall": 0.48246951219512196,
          "f1-score": 0.49764150943396224,
          "support": 1312.0
        },
        "Left Fist": {
          "precision": 0.5083272990586531,
          "recall": 0.5395849346656418,
          "f1-score": 0.5234899328859061,
          "support": 1301.0
        },
        "accuracy": 0.5109070034443168,
        "macro avg": {
          "precision": 0.5110630001786772,
          "recall": 0.5110272234303819,
          "f1-score": 0.5105657211599341,
          "support": 2613.0
        },
        "weighted avg": {
          "precision": 0.5110745167161133,
          "recall": 0.5109070034443168,
          "f1-score": 0.5105113138392355,
          "support": 2613.0
        }
      }
    },
    "svm": {
      "accuracy": 0.5258323765786452,
      "report": {
        "Right Fist": {
          "precision": 0.5259048970901349,
          "recall": 0.5647865853658537,
          "f1-score": 0.5446527012127894,
          "support": 1312.0
        },
        "Left Fist": {
          "precision": 0.5257475083056479,
          "recall": 0.4865488086087625,
          "f1-score": 0.5053892215568863,
          "support": 1301.0
        },
        "accuracy": 0.5258323765786452,
        "macro avg": {
          "precision": 0.5258262026978914,
          "recall": 0.5256676969873081,
          "f1-score": 0.5250209613848378,
          "support": 2613.0
        },
        "weighted avg": {
          "precision": 0.5258265339792977,
          "recall": 0.5258323765786452,
          "f1-score": 0.525103605524948,
          "support": 2613.0
        }
      }
    }
  },
  "5class": {
    "logistic_regression": {
      "accuracy": 0.20358136300417246,
      "report": {
        "Right Fist": {
          "precision": 0.20098039215686275,
          "recall": 0.0625,
          "f1-score": 0.09534883720930233,
          "support": 1312.0
        },
        "Left Fist": {
          "precision": 0.2543424317617866,
          "recall": 0.15757109915449655,
          "f1-score": 0.19458946369245372,
          "support": 1301.0
        },
        "Both Fists": {
          "precision": 0.3288590604026846,
          "recall": 0.036539895600298286,
          "f1-score": 0.06577181208053691,
          "support": 1341.0
        },
        "Tongue Tapping": {
          "precision": 0.23766504517025713,
          "recall": 0.5285935085007728,
          "f1-score": 0.32790028763183127,
          "support": 1294.0
        },
        "Relax": {
          "precision": 0.099933818663137,
          "recall": 0.2996031746031746,
          "f1-score": 0.1498759305210918,
          "support": 504.0
        },
        "accuracy": 0.20358136300417246,
        "macro avg": {
          "precision": 0.22435614963094563,
          "recall": 0.21696153557174847,
          "f1-score": 0.1666972662270432,
          "support": 5752.0
        },
        "weighted avg": {
          "precision": 0.24226199431300804,
          "recall": 0.20358136300417246,
          "f1-score": 0.16799356882140246,
          "support": 5752.0
        }
      }
    },
    "svm": {
      "accuracy": 0.23139777468706538,
      "report": {
        "Right Fist": {
          "precision": 0.22624434389140272,
          "recall": 0.11432926829268293,
          "f1-score": 0.1518987341772152,
          "support": 1312.0
        },
        "Left Fist": {
          "precision": 0.23439000960614795,
          "recall": 0.18754803996925443,
          "f1-score": 0.20836891545687447,
          "support": 1301.0
        },
        "Both Fists": {
          "precision": 0.23888404533565824,
          "recall": 0.20432513049962714,
          "f1-score": 0.2202572347266881,
          "support": 1341.0
        },
        "Tongue Tapping": {
          "precision": 0.29609490855165593,
          "recall": 0.46290571870170016,
          "f1-score": 0.3611697316852578,
          "support": 1294.0
        },
        "Relax": {
          "precision": 0.07289293849658314,
          "recall": 0.12698412698412698,
          "f1-score": 0.09261939218523878,
          "support": 504.0
        },
        "accuracy": 0.23139777468706538,
        "macro avg": {
          "precision": 0.21370124917628958,
          "recall": 0.2192184568894783,
          "f1-score": 0.20686280164625487,
          "support": 5752.0
        },
        "weighted avg": {
          "precision": 0.2333105596568771,
          "recall": 0.23139777468706538,
          "f1-score": 0.22249267324069416,
          "support": 5752.0
        }
      }
    }
  }
}