{
  "total_files": 900,
  "valid_files": 900,
  "bad_files_count": 0,
  "unique_subjects": 6,
  "unique_sessions": 20,
  "num_classes": 5,
  "class_distribution": {
    "Left Fist": 180,
    "Relax": 180,
    "Both Fists": 180,
    "Tongue Tapping": 180,
    "Right Fist": 180
  },
  "subject_trial_counts": {
    "4c2ea012": 180,
    "37dfbd76": 180,
    "d696086d": 180,
    "a5136953": 135,
    "2a456f03": 135,
    "1a3cd681": 90
  },
  "duration_stats": {
    "mean": 9.999,
    "std": 0.476,
    "min": 8.389,
    "max": 11.313,
    "median": 10.012
  },
  "subjects_per_class": {
    "Left Fist": [
      "1a3cd681",
      "2a456f03",
      "37dfbd76",
      "4c2ea012",
      "a5136953",
      "d696086d"
    ],
    "Relax": [
      "1a3cd681",
      "2a456f03",
      "37dfbd76",
      "4c2ea012",
      "a5136953",
      "d696086d"
    ],
    "Both Fists": [
      "1a3cd681",
      "2a456f03",
      "37dfbd76",
      "4c2ea012",
      "a5136953",
      "d696086d"
    ],
    "Tongue Tapping": [
      "1a3cd681",
      "2a456f03",
      "37dfbd76",
      "4c2ea012",
      "a5136953",
      "d696086d"
    ],
    "Right Fist": [
      "1a3cd681",
      "2a456f03",
      "37dfbd76",
      "4c2ea012",
      "a5136953",
      "d696086d"
    ]
  },
  "bad_files": []
}