{
  "binary": {
    "onnx_path": "C:\\Projects\\HackNation\\training\\checkpoints\\best_binary.onnx",
    "verification_max_diff": 4.76837158203125e-07,
    "benchmarks": {
      "CPUExecutionProvider": {
        "mean_ms": 0.4293,
        "median_ms": 0.4174,
        "p95_ms": 0.5057,
        "p99_ms": 0.6428,
        "min_ms": 0.2879,
        "max_ms": 7.548
      },
      "CUDAExecutionProvider": {
        "mean_ms": 0.8982,
        "median_ms": 0.7281,
        "p95_ms": 1.7402,
        "p99_ms": 2.2192,
        "min_ms": 0.4941,
        "max_ms": 3.2882
      }
    }
  },
  "5class": {
    "onnx_path": "C:\\Projects\\HackNation\\training\\checkpoints\\best_5class.onnx",
    "verification_max_diff": 1.1324882507324219e-06,
    "benchmarks": {
      "CPUExecutionProvider": {
        "mean_ms": 0.4618,
        "median_ms": 0.431,
        "p95_ms": 0.5907,
        "p99_ms": 0.8491,
        "min_ms": 0.2999,
        "max_ms": 8.292
      },
      "CUDAExecutionProvider": {
        "mean_ms": 0.9152,
        "median_ms": 0.8731,
        "p95_ms": 1.1462,
        "p99_ms": 2.1084,
        "min_ms": 0.6347,
        "max_ms": 3.5887
      }
    }
  }
}